created_at,updated_at,extras,id,name,parent_id,jurisdiction_id,classification,sources,links,other_names
2018-06-19 20:04:16.342217+00:00,2020-04-29 05:07:05.191229+00:00,{},ocd-organization/76120f9a-2982-4cc5-a6e2-de7401fa0d38,House,ocd-organization/52332da7-9146-412e-bf64-a291e2757b63,ocd-jurisdiction/country:us/state:il/government,lower,[],[],[]
2024-05-29 00:29:54.560742+00:00,2025-03-29 02:58:55.589935+00:00,{},ocd-organization/a35d6e16-301f-4bcc-be10-b5ce96ca84ac,Pensions,ocd-organization/20782ae5-cc22-4470-846b-fd9788ad3db7,ocd-jurisdiction/country:us/state:il/government,committee,"[{'url': 'https://www.ilga.gov/senate/committees/members.asp?CommitteeID=3130', 'note': ''}]","[{'url': 'https://www.ilga.gov/senate/committees/members.asp?CommitteeID=2965', 'note': 'homepage'}, {'url': 'https://www.ilga.gov/senate/committees/members.asp?CommitteeID=3130', 'note': ''}]","[{'name': 'Pensions', 'end_date': '', 'start_date': ''}, {'name': 'Pensions Special', 'end_date': '', 'start_date': ''}, {'name': 'Senate Committee on Pensions', 'end_date': '', 'start_date': ''}, {'name': 'Senate Committee on Pensions Special', 'end_date': '', 'start_date': ''}, {'name': 'Senate Pensions', 'end_date': '', 'start_date': ''}, {'name': 'Senate Pensions Committee', 'end_date': '', 'start_date': ''}, {'name': 'Senate Pensions Special', 'end_date': '', 'start_date': ''}, {'name': 'Senate Pensions Special Committee', 'end_date': '', 'start_date': ''}]"
2023-02-15 00:38:08.872062+00:00,2025-04-05 02:44:44.639140+00:00,{},ocd-organization/6f0f2540-832c-4aea-a475-d9e90fe14f56,Transportation,ocd-organization/20782ae5-cc22-4470-846b-fd9788ad3db7,ocd-jurisdiction/country:us/state:il/government,committee,"[{'url': 'https://www.ilga.gov/senate/committees/default.asp', 'note': 'homepage'}, {'url': 'https://www.ilga.gov/senate/committees/members.asp?CommitteeID=2909', 'note': ''}, {'url': 'https://www.ilga.gov/senate/committees/members.asp?CommitteeID=3079', 'note': ''}]","[{'url': 'https://www.ilga.gov/senate/committees/default.asp', 'note': ''}, {'url': 'https://www.ilga.gov/senate/committees/members.asp?CommitteeID=2909', 'note': 'homepage'}, {'url': 'https://www.ilga.gov/senate/committees/members.asp?CommitteeID=3079', 'note': ''}]","[{'name': 'Senate Committee on Transportation', 'end_date': '', 'start_date': ''}, {'name': 'Senate Transportation', 'end_date': '', 'start_date': ''}, {'name': 'Senate Transportation Committee', 'end_date': '', 'start_date': ''}]"
2025-02-21 16:24:58.293026+00:00,2025-04-05 02:44:46.023510+00:00,{},ocd-organization/218998f3-3346-4100-984f-b80575c0f87b,Child Welfare,ocd-organization/20782ae5-cc22-4470-846b-fd9788ad3db7,ocd-jurisdiction/country:us/state:il/government,committee,"[{'url': 'https://www.ilga.gov/senate/committees/members.asp?CommitteeID=3127', 'note': ''}]","[{'url': 'https://www.ilga.gov/senate/committees/members.asp?CommitteeID=3127', 'note': ''}]","[{'name': 'Senate Child Welfare', 'end_date': '', 'start_date': ''}, {'name': 'Senate Child Welfare Committee', 'end_date': '', 'start_date': ''}, {'name': 'Senate Committee on Child Welfare', 'end_date': '', 'start_date': ''}]"
2025-02-21 16:24:58.401604+00:00,2025-04-05 02:44:46.659277+00:00,{},ocd-organization/2f46afaf-08c8-4c7e-b071-1232a167e39d,Commerce,ocd-organization/20782ae5-cc22-4470-846b-fd9788ad3db7,ocd-jurisdiction/country:us/state:il/government,committee,"[{'url': 'https://www.ilga.gov/senate/committees/members.asp?CommitteeID=3128', 'note': ''}]","[{'url': 'https://www.ilga.gov/senate/committees/members.asp?CommitteeID=3128', 'note': ''}]","[{'name': 'Senate Commerce', 'end_date': '', 'start_date': ''}, {'name': 'Senate Commerce Committee', 'end_date': '', 'start_date': ''}, {'name': 'Senate Committee on Commerce', 'end_date': '', 'start_date': ''}]"
2018-06-19 20:04:16.333559+00:00,2020-04-29 05:07:05.486006+00:00,{},ocd-organization/20782ae5-cc22-4470-846b-fd9788ad3db7,Senate,ocd-organization/52332da7-9146-412e-bf64-a291e2757b63,ocd-jurisdiction/country:us/state:il/government,upper,[],[],[]
2023-02-15 00:38:04.420172+00:00,2025-02-21 16:24:57.508299+00:00,{},ocd-organization/c31abd6e-c6ae-4be8-b723-7ec9fa58c259,Revenue,ocd-organization/20782ae5-cc22-4470-846b-fd9788ad3db7,ocd-jurisdiction/country:us/state:il/government,committee,"[{'url': 'https://www.ilga.gov/senate/committees/default.asp', 'note': 'homepage'}, {'url': 'https://www.ilga.gov/senate/committees/members.asp?CommitteeID=2908', 'note': ''}, {'url': 'https://www.ilga.gov/senate/committees/members.asp?CommitteeID=3078', 'note': ''}]","[{'url': 'https://www.ilga.gov/senate/committees/default.asp', 'note': ''}, {'url': 'https://www.ilga.gov/senate/committees/members.asp?CommitteeID=2908', 'note': 'homepage'}, {'url': 'https://www.ilga.gov/senate/committees/members.asp?CommitteeID=3078', 'note': ''}]","[{'name': 'Senate Committee on Revenue', 'end_date': '', 'start_date': ''}, {'name': 'Senate Revenue', 'end_date': '', 'start_date': ''}, {'name': 'Senate Revenue Committee', 'end_date': '', 'start_date': ''}]"
2025-02-21 16:24:57.528916+00:00,2025-02-28 22:56:33.047609+00:00,{},ocd-organization/3a6bea83-6039-40cc-8535-f27f60a7d078,Criminal Law,ocd-organization/20782ae5-cc22-4470-846b-fd9788ad3db7,ocd-jurisdiction/country:us/state:il/government,committee,"[{'url': 'https://www.ilga.gov/senate/committees/members.asp?CommitteeID=3131', 'note': ''}]","[{'url': 'https://www.ilga.gov/senate/committees/members.asp?CommitteeID=3131', 'note': ''}]","[{'name': 'Senate Committee on Criminal Law', 'end_date': '', 'start_date': ''}, {'name': 'Senate Criminal Law', 'end_date': '', 'start_date': ''}, {'name': 'Senate Criminal Law Committee', 'end_date': '', 'start_date': ''}]"
2025-02-21 16:24:55.149771+00:00,2025-02-28 22:56:33.997268+00:00,{},ocd-organization/36124647-282f-4308-8ce7-d3199c8a64b3,"International Relations, Tourism and Trade",ocd-organization/76120f9a-2982-4cc5-a6e2-de7401fa0d38,ocd-jurisdiction/country:us/state:il/government,committee,"[{'url': 'https://www.ilga.gov/house/committees/members.asp?CommitteeID=3135&GA=104', 'note': ''}]","[{'url': 'https://www.ilga.gov/house/committees/members.asp?CommitteeID=3135&GA=104', 'note': ''}]","[{'name': 'House Committee on International Relations, Tourism and Trade', 'end_date': '', 'start_date': ''}, {'name': 'House International Relations, Tourism and Trade', 'end_date': '', 'start_date': ''}, {'name': 'House International Relations, Tourism and Trade Committee', 'end_date': '', 'start_date': ''}]"
2025-02-21 16:24:56.019616+00:00,2025-02-28 22:56:34.108203+00:00,{},ocd-organization/c3e4b50a-9c69-423d-9422-fd1add832c88,Appropriations: Pensions and Personnel,ocd-organization/76120f9a-2982-4cc5-a6e2-de7401fa0d38,ocd-jurisdiction/country:us/state:il/government,committee,"[{'url': 'https://www.ilga.gov/house/committees/members.asp?CommitteeID=3133&GA=104', 'note': ''}]","[{'url': 'https://www.ilga.gov/house/committees/members.asp?CommitteeID=3133&GA=104', 'note': ''}]","[{'name': 'House Appropriations: Pensions and Personnel', 'end_date': '', 'start_date': ''}, {'name': 'House Appropriations: Pensions and Personnel Committee', 'end_date': '', 'start_date': ''}, {'name': 'House Committee on Appropriations: Pensions and Personnel', 'end_date': '', 'start_date': ''}]"
2023-02-15 00:38:07.737305+00:00,2025-02-21 16:24:57.607691+00:00,{},ocd-organization/a70c04e0-f599-46b2-969a-049d9adfa9a5,Public Health,ocd-organization/20782ae5-cc22-4470-846b-fd9788ad3db7,ocd-jurisdiction/country:us/state:il/government,committee,"[{'url': 'https://www.ilga.gov/senate/committees/default.asp', 'note': 'homepage'}, {'url': 'https://www.ilga.gov/senate/committees/members.asp?CommitteeID=2962', 'note': ''}, {'url': 'https://www.ilga.gov/senate/committees/members.asp?CommitteeID=3119', 'note': ''}]","[{'url': 'https://www.ilga.gov/senate/committees/default.asp', 'note': ''}, {'url': 'https://www.ilga.gov/senate/committees/members.asp?CommitteeID=2962', 'note': 'homepage'}, {'url': 'https://www.ilga.gov/senate/committees/members.asp?CommitteeID=3119', 'note': ''}]","[{'name': 'Senate Committee on Public Health', 'end_date': '', 'start_date': ''}, {'name': 'Senate Public Health', 'end_date': '', 'start_date': ''}, {'name': 'Senate Public Health Committee', 'end_date': '', 'start_date': ''}]"
2025-02-21 16:24:57.675968+00:00,2025-04-05 02:44:45.327693+00:00,{},ocd-organization/59bc0755-dbf3-4bab-80ed-cea0e6bdd015,Consumer Protection,ocd-organization/20782ae5-cc22-4470-846b-fd9788ad3db7,ocd-jurisdiction/country:us/state:il/government,committee,"[{'url': 'https://www.ilga.gov/senate/committees/members.asp?CommitteeID=3129', 'note': ''}]","[{'url': 'https://www.ilga.gov/senate/committees/members.asp?CommitteeID=3129', 'note': ''}]","[{'name': 'Senate Committee on Consumer Protection', 'end_date': '', 'start_date': ''}, {'name': 'Senate Consumer Protection', 'end_date': '', 'start_date': ''}, {'name': 'Senate Consumer Protection Committee', 'end_date': '', 'start_date': ''}]"
2023-02-15 00:38:05.806843+00:00,2025-02-21 16:24:57.836584+00:00,{},ocd-organization/a8ee72ac-a8a6-4085-b583-d2030f3187de,Financial Institutions,ocd-organization/20782ae5-cc22-4470-846b-fd9788ad3db7,ocd-jurisdiction/country:us/state:il/government,committee,"[{'url': 'https://www.ilga.gov/senate/committees/default.asp', 'note': 'homepage'}, {'url': 'https://www.ilga.gov/senate/committees/members.asp?CommitteeID=2903', 'note': ''}, {'url': 'https://www.ilga.gov/senate/committees/members.asp?CommitteeID=3073', 'note': ''}]","[{'url': 'https://www.ilga.gov/senate/committees/default.asp', 'note': ''}, {'url': 'https://www.ilga.gov/senate/committees/members.asp?CommitteeID=2903', 'note': 'homepage'}, {'url': 'https://www.ilga.gov/senate/committees/members.asp?CommitteeID=3073', 'note': ''}]","[{'name': 'Senate Committee on Financial Institutions', 'end_date': '', 'start_date': ''}, {'name': 'Senate Financial Institutions', 'end_date': '', 'start_date': ''}, {'name': 'Senate Financial Institutions Committee', 'end_date': '', 'start_date': ''}]"
2023-02-15 00:38:10.532406+00:00,2025-02-21 16:24:57.884064+00:00,{},ocd-organization/96c39c15-dd2d-4b3e-98be-2e591726c950,Appropriations,ocd-organization/20782ae5-cc22-4470-846b-fd9788ad3db7,ocd-jurisdiction/country:us/state:il/government,committee,"[{'url': 'https://www.ilga.gov/senate/committees/default.asp', 'note': 'homepage'}, {'url': 'https://www.ilga.gov/senate/committees/members.asp?CommitteeID=2942', 'note': ''}, {'url': 'https://www.ilga.gov/senate/committees/members.asp?CommitteeID=3108', 'note': ''}]","[{'url': 'https://www.ilga.gov/senate/committees/default.asp', 'note': ''}, {'url': 'https://www.ilga.gov/senate/committees/members.asp?CommitteeID=2942', 'note': 'homepage'}, {'url': 'https://www.ilga.gov/senate/committees/members.asp?CommitteeID=3108', 'note': ''}]","[{'name': 'Senate Appropriations', 'end_date': '', 'start_date': ''}, {'name': 'Senate Appropriations Committee', 'end_date': '', 'start_date': ''}, {'name': 'Senate Committee on Appropriations', 'end_date': '', 'start_date': ''}]"
2023-02-15 00:38:06.363720+00:00,2025-02-21 16:24:57.941088+00:00,{},ocd-organization/b8211b06-4d5d-4822-bcb9-f9b2ed7db170,Licensed Activities,ocd-organization/20782ae5-cc22-4470-846b-fd9788ad3db7,ocd-jurisdiction/country:us/state:il/government,committee,"[{'url': 'https://www.ilga.gov/senate/committees/default.asp', 'note': 'homepage'}, {'url': 'https://www.ilga.gov/senate/committees/members.asp?CommitteeID=2907', 'note': ''}, {'url': 'https://www.ilga.gov/senate/committees/members.asp?CommitteeID=3077', 'note': ''}]","[{'url': 'https://www.ilga.gov/senate/committees/default.asp', 'note': ''}, {'url': 'https://www.ilga.gov/senate/committees/members.asp?CommitteeID=2907', 'note': 'homepage'}, {'url': 'https://www.ilga.gov/senate/committees/members.asp?CommitteeID=3077', 'note': ''}]","[{'name': 'Senate Committee on Licensed Activities', 'end_date': '', 'start_date': ''}, {'name': 'Senate Licensed Activities', 'end_date': '', 'start_date': ''}, {'name': 'Senate Licensed Activities Committee', 'end_date': '', 'start_date': ''}]"
2024-05-29 00:29:54.983606+00:00,2025-02-21 16:24:58.046518+00:00,{},ocd-organization/1c8c6963-4041-404c-8510-4863910489e1,Appropriations-Health and Human Services,ocd-organization/20782ae5-cc22-4470-846b-fd9788ad3db7,ocd-jurisdiction/country:us/state:il/government,committee,"[{'url': 'https://www.ilga.gov/senate/committees/members.asp?CommitteeID=2966', 'note': ''}, {'url': 'https://www.ilga.gov/senate/committees/members.asp?CommitteeID=3121', 'note': ''}]","[{'url': 'https://www.ilga.gov/senate/committees/members.asp?CommitteeID=2966', 'note': 'homepage'}, {'url': 'https://www.ilga.gov/senate/committees/members.asp?CommitteeID=3121', 'note': ''}]","[{'name': 'Senate Appropriations-Health and Human Services', 'end_date': '', 'start_date': ''}, {'name': 'Senate Appropriations-Health and Human Services Committee', 'end_date': '', 'start_date': ''}, {'name': 'Senate Committee on Appropriations-Health and Human Services', 'end_date': '', 'start_date': ''}]"
2018-06-19 20:04:16.319367+00:00,2018-06-19 20:04:16.319390+00:00,{},ocd-organization/52332da7-9146-412e-bf64-a291e2757b63,Illinois General Assembly,,ocd-jurisdiction/country:us/state:il/government,legislature,[],[],[]
2023-02-15 00:38:11.930667+00:00,2025-02-21 16:24:58.119036+00:00,{},ocd-organization/9f563e13-71fb-4663-b854-e23d4557ea57,Higher Education,ocd-organization/20782ae5-cc22-4470-846b-fd9788ad3db7,ocd-jurisdiction/country:us/state:il/government,committee,"[{'url': 'https://www.ilga.gov/senate/committees/default.asp', 'note': 'homepage'}, {'url': 'https://www.ilga.gov/senate/committees/members.asp?CommitteeID=2913', 'note': ''}, {'url': 'https://www.ilga.gov/senate/committees/members.asp?CommitteeID=3083', 'note': ''}]","[{'url': 'https://www.ilga.gov/senate/committees/default.asp', 'note': ''}, {'url': 'https://www.ilga.gov/senate/committees/members.asp?CommitteeID=2913', 'note': 'homepage'}, {'url': 'https://www.ilga.gov/senate/committees/members.asp?CommitteeID=3083', 'note': ''}]","[{'name': 'Senate Committee on Higher Education', 'end_date': '', 'start_date': ''}, {'name': 'Senate Higher Education', 'end_date': '', 'start_date': ''}, {'name': 'Senate Higher Education Committee', 'end_date': '', 'start_date': ''}]"
2023-02-15 00:38:11.643258+00:00,2025-02-21 16:24:58.160468+00:00,{},ocd-organization/3bcfcc8e-7bfe-4f1c-a056-64f981084c2b,Veterans Affairs,ocd-organization/20782ae5-cc22-4470-846b-fd9788ad3db7,ocd-jurisdiction/country:us/state:il/government,committee,"[{'url': 'https://www.ilga.gov/senate/committees/default.asp', 'note': 'homepage'}, {'url': 'https://www.ilga.gov/senate/committees/members.asp?CommitteeID=2932', 'note': ''}, {'url': 'https://www.ilga.gov/senate/committees/members.asp?CommitteeID=3099', 'note': ''}]","[{'url': 'https://www.ilga.gov/senate/committees/default.asp', 'note': ''}, {'url': 'https://www.ilga.gov/senate/committees/members.asp?CommitteeID=2932', 'note': 'homepage'}, {'url': 'https://www.ilga.gov/senate/committees/members.asp?CommitteeID=3099', 'note': ''}]","[{'name': 'Senate Committee on Veterans Affairs', 'end_date': '', 'start_date': ''}, {'name': 'Senate Veterans Affairs', 'end_date': '', 'start_date': ''}, {'name': 'Senate Veterans Affairs Committee', 'end_date': '', 'start_date': ''}]"
2023-02-15 00:38:08.285911+00:00,2025-02-21 16:24:58.250092+00:00,{},ocd-organization/3ba9bf65-03ec-4cdb-abe3-9d54518bb75b,Health and Human Services,ocd-organization/20782ae5-cc22-4470-846b-fd9788ad3db7,ocd-jurisdiction/country:us/state:il/government,committee,"[{'url': 'https://www.ilga.gov/senate/committees/default.asp', 'note': 'homepage'}, {'url': 'https://www.ilga.gov/senate/committees/members.asp?CommitteeID=2961', 'note': ''}, {'url': 'https://www.ilga.gov/senate/committees/members.asp?CommitteeID=3118', 'note': ''}]","[{'url': 'https://www.ilga.gov/senate/committees/default.asp', 'note': ''}, {'url': 'https://www.ilga.gov/senate/committees/members.asp?CommitteeID=2961', 'note': 'homepage'}, {'url': 'https://www.ilga.gov/senate/committees/members.asp?CommitteeID=3118', 'note': ''}]","[{'name': 'Senate Committee on Health and Human Services', 'end_date': '', 'start_date': ''}, {'name': 'Senate Health and Human Services', 'end_date': '', 'start_date': ''}, {'name': 'Senate Health and Human Services Committee', 'end_date': '', 'start_date': ''}]"
2020-08-03 17:47:35.465874+00:00,2020-08-03 17:47:35.465888+00:00,{},ocd-organization/1cc0938a-ec95-595c-ada8-3c9379af4704,Office of the Governor,,ocd-jurisdiction/country:us/state:il/government,executive,[],[],[]
2023-02-15 00:38:09.424183+00:00,2025-02-21 16:24:58.272934+00:00,{},ocd-organization/c0e0f5aa-b190-47ed-a37c-2bcb4609f840,Executive Appointments,ocd-organization/20782ae5-cc22-4470-846b-fd9788ad3db7,ocd-jurisdiction/country:us/state:il/government,committee,"[{'url': 'https://www.ilga.gov/senate/committees/default.asp', 'note': 'homepage'}, {'url': 'https://www.ilga.gov/senate/committees/members.asp?CommitteeID=2901', 'note': ''}, {'url': 'https://www.ilga.gov/senate/committees/members.asp?CommitteeID=3071', 'note': ''}]","[{'url': 'https://www.ilga.gov/senate/committees/default.asp', 'note': ''}, {'url': 'https://www.ilga.gov/senate/committees/members.asp?CommitteeID=2901', 'note': 'homepage'}, {'url': 'https://www.ilga.gov/senate/committees/members.asp?CommitteeID=3071', 'note': ''}]","[{'name': 'Senate Committee on Executive Appointments', 'end_date': '', 'start_date': ''}, {'name': 'Senate Executive Appointments', 'end_date': '', 'start_date': ''}, {'name': 'Senate Executive Appointments Committee', 'end_date': '', 'start_date': ''}]"
2023-02-15 00:38:09.698625+00:00,2025-02-21 16:24:58.462757+00:00,{},ocd-organization/0c8fa931-94b6-4f3b-85b1-1e8ab5a7e583,Assignments,ocd-organization/20782ae5-cc22-4470-846b-fd9788ad3db7,ocd-jurisdiction/country:us/state:il/government,committee,"[{'url': 'https://www.ilga.gov/senate/committees/default.asp', 'note': 'homepage'}, {'url': 'https://www.ilga.gov/senate/committees/members.asp?CommitteeID=2917', 'note': ''}, {'url': 'https://www.ilga.gov/senate/committees/members.asp?CommitteeID=3086', 'note': ''}]","[{'url': 'https://www.ilga.gov/senate/committees/default.asp', 'note': ''}, {'url': 'https://www.ilga.gov/senate/committees/members.asp?CommitteeID=2917', 'note': 'homepage'}, {'url': 'https://www.ilga.gov/senate/committees/members.asp?CommitteeID=3086', 'note': ''}]","[{'name': 'Senate Assignments', 'end_date': '', 'start_date': ''}, {'name': 'Senate Assignments Committee', 'end_date': '', 'start_date': ''}, {'name': 'Senate Committee on Assignments', 'end_date': '', 'start_date': ''}]"
2023-02-15 00:38:10.808176+00:00,2025-02-21 16:24:58.510223+00:00,{},ocd-organization/8515d62e-47f6-4af2-9a95-98c00d81f3f7,State Government,ocd-organization/20782ae5-cc22-4470-846b-fd9788ad3db7,ocd-jurisdiction/country:us/state:il/government,committee,"[{'url': 'https://www.ilga.gov/senate/committees/default.asp', 'note': 'homepage'}, {'url': 'https://www.ilga.gov/senate/committees/members.asp?CommitteeID=2904', 'note': ''}, {'url': 'https://www.ilga.gov/senate/committees/members.asp?CommitteeID=3074', 'note': ''}]","[{'url': 'https://www.ilga.gov/senate/committees/default.asp', 'note': ''}, {'url': 'https://www.ilga.gov/senate/committees/members.asp?CommitteeID=2904', 'note': 'homepage'}, {'url': 'https://www.ilga.gov/senate/committees/members.asp?CommitteeID=3074', 'note': ''}]","[{'name': 'Senate Committee on State Government', 'end_date': '', 'start_date': ''}, {'name': 'Senate State Government', 'end_date': '', 'start_date': ''}, {'name': 'Senate State Government Committee', 'end_date': '', 'start_date': ''}]"
2023-02-15 00:38:12.250460+00:00,2025-02-21 16:24:56.462074+00:00,{},ocd-organization/7e449b6e-e0e5-4956-a0b3-d1e3cd45e7e0,Financial Institutions and Licensing,ocd-organization/76120f9a-2982-4cc5-a6e2-de7401fa0d38,ocd-jurisdiction/country:us/state:il/government,committee,"[{'url': 'https://www.ilga.gov/house/committees/default.asp', 'note': 'homepage'}, {'url': 'https://www.ilga.gov/house/committees/members.asp?CommitteeID=2888&GA=103', 'note': ''}, {'url': 'https://www.ilga.gov/house/committees/members.asp?CommitteeID=3058&GA=104', 'note': ''}]","[{'url': 'https://www.ilga.gov/house/committees/default.asp', 'note': ''}, {'url': 'https://www.ilga.gov/house/committees/members.asp?CommitteeID=2888&GA=103', 'note': 'homepage'}, {'url': 'https://www.ilga.gov/house/committees/members.asp?CommitteeID=3058&GA=104', 'note': ''}]","[{'name': 'House Committee on Financial Institutions and Licensing', 'end_date': '', 'start_date': ''}, {'name': 'House Financial Institutions and Licensing', 'end_date': '', 'start_date': ''}, {'name': 'House Financial Institutions and Licensing Committee', 'end_date': '', 'start_date': ''}]"
2023-02-15 00:38:04.698462+00:00,2025-02-21 16:24:58.548950+00:00,{},ocd-organization/eebe2944-9538-40c4-b489-5798547f39ea,Labor,ocd-organization/20782ae5-cc22-4470-846b-fd9788ad3db7,ocd-jurisdiction/country:us/state:il/government,committee,"[{'url': 'https://www.ilga.gov/senate/committees/default.asp', 'note': 'homepage'}, {'url': 'https://www.ilga.gov/senate/committees/members.asp?CommitteeID=2914', 'note': ''}, {'url': 'https://www.ilga.gov/senate/committees/members.asp?CommitteeID=3084', 'note': ''}]","[{'url': 'https://www.ilga.gov/senate/committees/default.asp', 'note': ''}, {'url': 'https://www.ilga.gov/senate/committees/members.asp?CommitteeID=2914', 'note': 'homepage'}, {'url': 'https://www.ilga.gov/senate/committees/members.asp?CommitteeID=3084', 'note': ''}]","[{'name': 'Senate Committee on Labor', 'end_date': '', 'start_date': ''}, {'name': 'Senate Labor', 'end_date': '', 'start_date': ''}, {'name': 'Senate Labor Committee', 'end_date': '', 'start_date': ''}]"
2023-02-15 00:38:04.974480+00:00,2025-02-21 16:24:58.586962+00:00,{},ocd-organization/f71fe8bf-b40c-4e4b-88e3-4d1894a8ce9b,Appropriations-Education,ocd-organization/20782ae5-cc22-4470-846b-fd9788ad3db7,ocd-jurisdiction/country:us/state:il/government,committee,"[{'url': 'https://www.ilga.gov/senate/committees/default.asp', 'note': 'homepage'}, {'url': 'https://www.ilga.gov/senate/committees/members.asp?CommitteeID=2959', 'note': ''}, {'url': 'https://www.ilga.gov/senate/committees/members.asp?CommitteeID=3116', 'note': ''}]","[{'url': 'https://www.ilga.gov/senate/committees/default.asp', 'note': ''}, {'url': 'https://www.ilga.gov/senate/committees/members.asp?CommitteeID=2959', 'note': 'homepage'}, {'url': 'https://www.ilga.gov/senate/committees/members.asp?CommitteeID=3116', 'note': ''}]","[{'name': 'Senate Appropriations-Education', 'end_date': '', 'start_date': ''}, {'name': 'Senate Appropriations-Education Committee', 'end_date': '', 'start_date': ''}, {'name': 'Senate Committee on Appropriations-Education', 'end_date': '', 'start_date': ''}]"
2024-05-29 00:29:56.416597+00:00,2025-07-16 20:48:41.930348+00:00,{},ocd-organization/657d5e59-2a4e-4675-b9d9-0406d0cd8746,Appropriations-Public Safety and Infrastructure,ocd-organization/20782ae5-cc22-4470-846b-fd9788ad3db7,ocd-jurisdiction/country:us/state:il/government,committee,"[{'url': 'https://www.ilga.gov/senate/committees/members.asp?CommitteeID=2967', 'note': ''}, {'url': 'https://www.ilga.gov/senate/committees/members.asp?CommitteeID=3122', 'note': ''}]","[{'url': 'https://www.ilga.gov/senate/committees/members.asp?CommitteeID=2967', 'note': 'homepage'}, {'url': 'https://www.ilga.gov/senate/committees/members.asp?CommitteeID=3122', 'note': ''}]","[{'name': 'Senate Appropriations-Public Safety and Infrastructure', 'end_date': '', 'start_date': ''}, {'name': 'Senate Appropriations-Public Safety and Infrastructure Committee', 'end_date': '', 'start_date': ''}, {'name': 'Senate Committee on Appropriations-Public Safety and Infrastructure', 'end_date': '', 'start_date': ''}]"
2023-02-15 00:38:10.254151+00:00,2025-02-21 16:24:58.666015+00:00,{},ocd-organization/110f79bb-27f4-462d-9c57-59aeecfb63a0,Agriculture,ocd-organization/20782ae5-cc22-4470-846b-fd9788ad3db7,ocd-jurisdiction/country:us/state:il/government,committee,"[{'url': 'https://www.ilga.gov/senate/committees/default.asp', 'note': 'homepage'}, {'url': 'https://www.ilga.gov/senate/committees/members.asp?CommitteeID=2899', 'note': ''}, {'url': 'https://www.ilga.gov/senate/committees/members.asp?CommitteeID=3069', 'note': ''}]","[{'url': 'https://www.ilga.gov/senate/committees/default.asp', 'note': ''}, {'url': 'https://www.ilga.gov/senate/committees/members.asp?CommitteeID=2899', 'note': 'homepage'}, {'url': 'https://www.ilga.gov/senate/committees/members.asp?CommitteeID=3069', 'note': ''}]","[{'name': 'Senate Agriculture', 'end_date': '', 'start_date': ''}, {'name': 'Senate Agriculture Committee', 'end_date': '', 'start_date': ''}, {'name': 'Senate Committee on Agriculture', 'end_date': '', 'start_date': ''}]"
2023-02-15 00:38:11.354999+00:00,2025-02-21 16:24:58.705017+00:00,{},ocd-organization/716ddc1b-4917-4d41-85df-a0fd5d4220dc,Energy and Public Utilities,ocd-organization/20782ae5-cc22-4470-846b-fd9788ad3db7,ocd-jurisdiction/country:us/state:il/government,committee,"[{'url': 'https://www.ilga.gov/senate/committees/default.asp', 'note': 'homepage'}, {'url': 'https://www.ilga.gov/senate/committees/members.asp?CommitteeID=2919', 'note': ''}, {'url': 'https://www.ilga.gov/senate/committees/members.asp?CommitteeID=3087', 'note': ''}]","[{'url': 'https://www.ilga.gov/senate/committees/default.asp', 'note': ''}, {'url': 'https://www.ilga.gov/senate/committees/members.asp?CommitteeID=2919', 'note': 'homepage'}, {'url': 'https://www.ilga.gov/senate/committees/members.asp?CommitteeID=3087', 'note': ''}]","[{'name': 'Senate Committee on Energy and Public Utilities', 'end_date': '', 'start_date': ''}, {'name': 'Senate Energy and Public Utilities', 'end_date': '', 'start_date': ''}, {'name': 'Senate Energy and Public Utilities Committee', 'end_date': '', 'start_date': ''}]"
2024-05-29 00:30:05.292184+00:00,2025-02-21 16:24:58.762043+00:00,{},ocd-organization/f5a1115c-585d-4f7b-99ed-5c86a5324489,Committee on Administrative Rules,ocd-organization/52332da7-9146-412e-bf64-a291e2757b63,ocd-jurisdiction/country:us/state:il/government,committee,"[{'url': 'https://www.ilga.gov/commission/jcar', 'note': ''}]","[{'url': 'https://www.ilga.gov/commission/jcar', 'note': 'homepage'}]","[{'name': 'Joint Committee on Administrative Rules', 'end_date': '', 'start_date': ''}, {'name': 'Joint Committee on Administrative Rules Committee', 'end_date': '', 'start_date': ''}, {'name': 'Joint Committee on Committee on Administrative Rules', 'end_date': '', 'start_date': ''}]"
2024-05-29 00:29:57.571765+00:00,2025-02-21 16:24:55.718325+00:00,{},ocd-organization/82b471a5-bb3c-4d94-92e5-761ad186248a,"Transportation: Regulation, Roads and Bridges",ocd-organization/76120f9a-2982-4cc5-a6e2-de7401fa0d38,ocd-jurisdiction/country:us/state:il/government,committee,"[{'url': 'https://www.ilga.gov/house/committees/members.asp?CommitteeID=2925&GA=103', 'note': ''}, {'url': 'https://www.ilga.gov/house/committees/members.asp?CommitteeID=3093&GA=104', 'note': ''}]","[{'url': 'https://www.ilga.gov/house/committees/members.asp?CommitteeID=2925&GA=103', 'note': 'homepage'}, {'url': 'https://www.ilga.gov/house/committees/members.asp?CommitteeID=3093&GA=104', 'note': ''}]","[{'name': 'House Committee on Transportation: Regulation, Roads and Bridges', 'end_date': '', 'start_date': ''}, {'name': 'House Transportation: Regulation, Roads and Bridges', 'end_date': '', 'start_date': ''}, {'name': 'House Transportation: Regulation, Roads and Bridges Committee', 'end_date': '', 'start_date': ''}]"
2023-02-15 00:38:17.582684+00:00,2025-03-14 23:56:11.187663+00:00,{},ocd-organization/09cf7158-0711-41d2-8947-9769f9ae5580,Mental Health and Addiction,ocd-organization/76120f9a-2982-4cc5-a6e2-de7401fa0d38,ocd-jurisdiction/country:us/state:il/government,committee,"[{'url': 'https://www.ilga.gov/house/committees/default.asp', 'note': 'homepage'}, {'url': 'https://www.ilga.gov/house/committees/members.asp?CommitteeID=2935&GA=103', 'note': ''}, {'url': 'https://www.ilga.gov/house/committees/members.asp?CommitteeID=3102&GA=104', 'note': ''}]","[{'url': 'https://www.ilga.gov/house/committees/default.asp', 'note': 'homepage'}, {'url': 'https://www.ilga.gov/house/committees/members.asp?CommitteeID=2935&GA=103', 'note': ''}, {'url': 'https://www.ilga.gov/house/committees/members.asp?CommitteeID=3102&GA=104', 'note': ''}]","[{'name': 'House Committee on Mental Health and Addiction', 'end_date': '', 'start_date': ''}, {'name': 'House Mental Health and Addiction', 'end_date': '', 'start_date': ''}, {'name': 'House Mental Health and Addiction Committee', 'end_date': '', 'start_date': ''}]"
2023-02-15 00:38:07.463061+00:00,2025-04-05 02:44:43.912482+00:00,{},ocd-organization/df75c71a-5784-4e17-a208-23cbd0bb5caf,Judiciary,ocd-organization/20782ae5-cc22-4470-846b-fd9788ad3db7,ocd-jurisdiction/country:us/state:il/government,committee,"[{'url': 'https://www.ilga.gov/senate/committees/default.asp', 'note': 'homepage'}, {'url': 'https://www.ilga.gov/senate/committees/members.asp?CommitteeID=2921', 'note': ''}, {'url': 'https://www.ilga.gov/senate/committees/members.asp?CommitteeID=3089', 'note': ''}]","[{'url': 'https://www.ilga.gov/senate/committees/default.asp', 'note': ''}, {'url': 'https://www.ilga.gov/senate/committees/members.asp?CommitteeID=2921', 'note': 'homepage'}, {'url': 'https://www.ilga.gov/senate/committees/members.asp?CommitteeID=3089', 'note': ''}]","[{'name': 'Senate Committee on Judiciary', 'end_date': '', 'start_date': ''}, {'name': 'Senate Judiciary', 'end_date': '', 'start_date': ''}, {'name': 'Senate Judiciary Committee', 'end_date': '', 'start_date': ''}]"
2024-05-29 00:30:03.779702+00:00,2025-02-21 16:24:55.254315+00:00,{},ocd-organization/68b77a9c-6fad-4d44-8ea5-d875634a0d64,Immigration and Human Rights,ocd-organization/76120f9a-2982-4cc5-a6e2-de7401fa0d38,ocd-jurisdiction/country:us/state:il/government,committee,"[{'url': 'https://www.ilga.gov/house/committees/members.asp?CommitteeID=2953&GA=103', 'note': ''}, {'url': 'https://www.ilga.gov/house/committees/members.asp?CommitteeID=3112&GA=104', 'note': ''}]","[{'url': 'https://www.ilga.gov/house/committees/members.asp?CommitteeID=2953&GA=103', 'note': 'homepage'}, {'url': 'https://www.ilga.gov/house/committees/members.asp?CommitteeID=3112&GA=104', 'note': ''}]","[{'name': 'House Committee on Immigration and Human Rights', 'end_date': '', 'start_date': ''}, {'name': 'House Immigration and Human Rights', 'end_date': '', 'start_date': ''}, {'name': 'House Immigration and Human Rights Committee', 'end_date': '', 'start_date': ''}]"
2023-02-15 00:38:05.532946+00:00,2025-02-21 16:24:57.651399+00:00,{},ocd-organization/e3f6a452-462f-461f-a067-9e6eb4116f72,Behavioral and Mental Health,ocd-organization/20782ae5-cc22-4470-846b-fd9788ad3db7,ocd-jurisdiction/country:us/state:il/government,committee,"[{'url': 'https://www.ilga.gov/senate/committees/default.asp', 'note': 'homepage'}, {'url': 'https://www.ilga.gov/senate/committees/members.asp?CommitteeID=2941', 'note': ''}, {'url': 'https://www.ilga.gov/senate/committees/members.asp?CommitteeID=3107', 'note': ''}]","[{'url': 'https://www.ilga.gov/senate/committees/default.asp', 'note': ''}, {'url': 'https://www.ilga.gov/senate/committees/members.asp?CommitteeID=2941', 'note': 'homepage'}, {'url': 'https://www.ilga.gov/senate/committees/members.asp?CommitteeID=3107', 'note': ''}]","[{'name': 'Senate Behavioral and Mental Health', 'end_date': '', 'start_date': ''}, {'name': 'Senate Behavioral and Mental Health Committee', 'end_date': '', 'start_date': ''}, {'name': 'Senate Committee on Behavioral and Mental Health', 'end_date': '', 'start_date': ''}]"
2023-02-15 00:38:08.011103+00:00,2025-02-21 16:24:57.994772+00:00,{},ocd-organization/ec1a9b64-fe7b-4ffb-9490-63118a6e57f5,Insurance,ocd-organization/20782ae5-cc22-4470-846b-fd9788ad3db7,ocd-jurisdiction/country:us/state:il/government,committee,"[{'url': 'https://www.ilga.gov/senate/committees/default.asp', 'note': 'homepage'}, {'url': 'https://www.ilga.gov/senate/committees/members.asp?CommitteeID=2905', 'note': ''}, {'url': 'https://www.ilga.gov/senate/committees/members.asp?CommitteeID=3075', 'note': ''}]","[{'url': 'https://www.ilga.gov/senate/committees/default.asp', 'note': ''}, {'url': 'https://www.ilga.gov/senate/committees/members.asp?CommitteeID=2905', 'note': 'homepage'}, {'url': 'https://www.ilga.gov/senate/committees/members.asp?CommitteeID=3075', 'note': ''}]","[{'name': 'Senate Committee on Insurance', 'end_date': '', 'start_date': ''}, {'name': 'Senate Insurance', 'end_date': '', 'start_date': ''}, {'name': 'Senate Insurance Committee', 'end_date': '', 'start_date': ''}]"
2023-02-15 00:38:19.266595+00:00,2025-02-21 16:24:54.725881+00:00,{},ocd-organization/a09d9634-1f7f-42a9-bb1f-9a1033972787,Public Utilities,ocd-organization/76120f9a-2982-4cc5-a6e2-de7401fa0d38,ocd-jurisdiction/country:us/state:il/government,committee,"[{'url': 'https://www.ilga.gov/house/committees/default.asp', 'note': 'homepage'}, {'url': 'https://www.ilga.gov/house/committees/members.asp?CommitteeID=2895&GA=103', 'note': ''}, {'url': 'https://www.ilga.gov/house/committees/members.asp?CommitteeID=3065&GA=104', 'note': ''}]","[{'url': 'https://www.ilga.gov/house/committees/default.asp', 'note': ''}, {'url': 'https://www.ilga.gov/house/committees/members.asp?CommitteeID=2895&GA=103', 'note': 'homepage'}, {'url': 'https://www.ilga.gov/house/committees/members.asp?CommitteeID=3065&GA=104', 'note': ''}]","[{'name': 'House Committee on Public Utilities', 'end_date': '', 'start_date': ''}, {'name': 'House Public Utilities', 'end_date': '', 'start_date': ''}, {'name': 'House Public Utilities Committee', 'end_date': '', 'start_date': ''}]"
2023-02-15 00:38:18.138759+00:00,2025-02-21 16:24:54.766303+00:00,{},ocd-organization/5476ea6b-c245-490e-b325-e619c2758d62,"Cybersecurity, Data Analytics and IT",ocd-organization/76120f9a-2982-4cc5-a6e2-de7401fa0d38,ocd-jurisdiction/country:us/state:il/government,committee,"[{'url': 'https://www.ilga.gov/house/committees/default.asp', 'note': 'homepage'}, {'url': 'https://www.ilga.gov/house/committees/members.asp?CommitteeID=2933&GA=103', 'note': ''}, {'url': 'https://www.ilga.gov/house/committees/members.asp?CommitteeID=3100&GA=104', 'note': ''}]","[{'url': 'https://www.ilga.gov/house/committees/default.asp', 'note': ''}, {'url': 'https://www.ilga.gov/house/committees/members.asp?CommitteeID=2933&GA=103', 'note': 'homepage'}, {'url': 'https://www.ilga.gov/house/committees/members.asp?CommitteeID=3100&GA=104', 'note': ''}]","[{'name': 'House Committee on Cybersecurity, Data Analytics and IT', 'end_date': '', 'start_date': ''}, {'name': 'House Cybersecurity, Data Analytics and IT', 'end_date': '', 'start_date': ''}, {'name': 'House Cybersecurity, Data Analytics and IT Committee', 'end_date': '', 'start_date': ''}]"
2023-02-15 00:38:20.912223+00:00,2025-02-21 16:24:54.827728+00:00,{},ocd-organization/d5622933-4a8c-4779-810e-33b25868ea62,Veterans' Affairs,ocd-organization/76120f9a-2982-4cc5-a6e2-de7401fa0d38,ocd-jurisdiction/country:us/state:il/government,committee,"[{'url': 'https://www.ilga.gov/house/committees/default.asp', 'note': 'homepage'}, {'url': 'https://www.ilga.gov/house/committees/members.asp?CommitteeID=2898&GA=103', 'note': ''}, {'url': 'https://www.ilga.gov/house/committees/members.asp?CommitteeID=3068&GA=104', 'note': ''}]","[{'url': 'https://www.ilga.gov/house/committees/default.asp', 'note': 'homepage'}, {'url': 'https://www.ilga.gov/house/committees/members.asp?CommitteeID=2898&GA=103', 'note': ''}, {'url': 'https://www.ilga.gov/house/committees/members.asp?CommitteeID=3068&GA=104', 'note': ''}]","[{'name': ""House Committee on Veterans' Affairs"", 'end_date': '', 'start_date': ''}, {'name': ""House Veterans' Affairs"", 'end_date': '', 'start_date': ''}, {'name': ""House Veterans' Affairs Committee"", 'end_date': '', 'start_date': ''}]"
2025-02-21 16:24:54.852792+00:00,2025-02-28 22:56:33.557548+00:00,{},ocd-organization/c6646373-3b11-4897-a692-2fb8b5cd447c,"Museum, Arts, Culture and Entertainment",ocd-organization/76120f9a-2982-4cc5-a6e2-de7401fa0d38,ocd-jurisdiction/country:us/state:il/government,committee,"[{'url': 'https://www.ilga.gov/house/committees/members.asp?CommitteeID=3136&GA=104', 'note': ''}]","[{'url': 'https://www.ilga.gov/house/committees/members.asp?CommitteeID=3136&GA=104', 'note': ''}]","[{'name': 'House Committee on Museum, Arts, Culture and Entertainment', 'end_date': '', 'start_date': ''}, {'name': 'House Museum, Arts, Culture and Entertainment', 'end_date': '', 'start_date': ''}, {'name': 'House Museum, Arts, Culture and Entertainment Committee', 'end_date': '', 'start_date': ''}]"
2023-02-15 00:38:22.582394+00:00,2025-02-21 16:24:54.959095+00:00,{},ocd-organization/e0b7aed6-32a8-425e-8423-cbcf87db6b10,Insurance,ocd-organization/76120f9a-2982-4cc5-a6e2-de7401fa0d38,ocd-jurisdiction/country:us/state:il/government,committee,"[{'url': 'https://www.ilga.gov/house/committees/default.asp', 'note': 'homepage'}, {'url': 'https://www.ilga.gov/house/committees/members.asp?CommitteeID=2938&GA=103', 'note': ''}, {'url': 'https://www.ilga.gov/house/committees/members.asp?CommitteeID=3105&GA=104', 'note': ''}]","[{'url': 'https://www.ilga.gov/house/committees/default.asp', 'note': 'homepage'}, {'url': 'https://www.ilga.gov/house/committees/members.asp?CommitteeID=2938&GA=103', 'note': ''}, {'url': 'https://www.ilga.gov/house/committees/members.asp?CommitteeID=3105&GA=104', 'note': ''}]","[{'name': 'House Committee on Insurance', 'end_date': '', 'start_date': ''}, {'name': 'House Insurance', 'end_date': '', 'start_date': ''}, {'name': 'House Insurance Committee', 'end_date': '', 'start_date': ''}]"
2023-02-15 00:38:13.678440+00:00,2025-02-21 16:24:55.017068+00:00,{},ocd-organization/9211a7ce-af59-46a2-8e63-051a308f3421,Judiciary: Civil,ocd-organization/76120f9a-2982-4cc5-a6e2-de7401fa0d38,ocd-jurisdiction/country:us/state:il/government,committee,"[{'url': 'https://www.ilga.gov/house/committees/default.asp', 'note': 'homepage'}, {'url': 'https://www.ilga.gov/house/committees/members.asp?CommitteeID=2892&GA=103', 'note': ''}, {'url': 'https://www.ilga.gov/house/committees/members.asp?CommitteeID=3062&GA=104', 'note': ''}]","[{'url': 'https://www.ilga.gov/house/committees/default.asp', 'note': ''}, {'url': 'https://www.ilga.gov/house/committees/members.asp?CommitteeID=2892&GA=103', 'note': 'homepage'}, {'url': 'https://www.ilga.gov/house/committees/members.asp?CommitteeID=3062&GA=104', 'note': ''}]","[{'name': 'House Committee on Judiciary: Civil', 'end_date': '', 'start_date': ''}, {'name': 'House Judiciary: Civil', 'end_date': '', 'start_date': ''}, {'name': 'House Judiciary: Civil Committee', 'end_date': '', 'start_date': ''}]"
2024-05-29 00:30:01.627975+00:00,2025-02-21 16:24:55.069884+00:00,{},ocd-organization/39caec5e-6e63-49f5-b112-fb7d278a173f,"Elementary and Secondary Education: Administration, Licensing and Charter Schools",ocd-organization/76120f9a-2982-4cc5-a6e2-de7401fa0d38,ocd-jurisdiction/country:us/state:il/government,committee,"[{'url': 'https://www.ilga.gov/house/committees/members.asp?CommitteeID=2930&GA=103', 'note': ''}, {'url': 'https://www.ilga.gov/house/committees/members.asp?CommitteeID=3097&GA=104', 'note': ''}]","[{'url': 'https://www.ilga.gov/house/committees/members.asp?CommitteeID=2930&GA=103', 'note': 'homepage'}, {'url': 'https://www.ilga.gov/house/committees/members.asp?CommitteeID=3097&GA=104', 'note': ''}]","[{'name': 'House Committee on Elementary and Secondary Education: Administration, Licensing and Charter Schools', 'end_date': '', 'start_date': ''}, {'name': 'House Elementary and Secondary Education: Administration, Licensing and Charter Schools', 'end_date': '', 'start_date': ''}, {'name': 'House Elementary and Secondary Education: Administration, Licensing and Charter Schools Committee', 'end_date': '', 'start_date': ''}]"
2023-02-15 00:38:14.778775+00:00,2025-02-21 16:24:55.124890+00:00,{},ocd-organization/c57df3c6-52c7-4e4d-ae5d-e0ad2bcddea9,Judiciary: Criminal,ocd-organization/76120f9a-2982-4cc5-a6e2-de7401fa0d38,ocd-jurisdiction/country:us/state:il/government,committee,"[{'url': 'https://www.ilga.gov/house/committees/default.asp', 'note': 'homepage'}, {'url': 'https://www.ilga.gov/house/committees/members.asp?CommitteeID=2931&GA=103', 'note': ''}, {'url': 'https://www.ilga.gov/house/committees/members.asp?CommitteeID=3098&GA=104', 'note': ''}]","[{'url': 'https://www.ilga.gov/house/committees/default.asp', 'note': 'homepage'}, {'url': 'https://www.ilga.gov/house/committees/members.asp?CommitteeID=2931&GA=103', 'note': ''}, {'url': 'https://www.ilga.gov/house/committees/members.asp?CommitteeID=3098&GA=104', 'note': ''}]","[{'name': 'House Committee on Judiciary: Criminal', 'end_date': '', 'start_date': ''}, {'name': 'House Judiciary: Criminal', 'end_date': '', 'start_date': ''}, {'name': 'House Judiciary: Criminal Committee', 'end_date': '', 'start_date': ''}]"
2023-02-15 00:38:18.982657+00:00,2025-02-21 16:24:55.298626+00:00,{},ocd-organization/5864dcc8-262d-41ca-bd8a-9451f2864d26,Consumer Protection,ocd-organization/76120f9a-2982-4cc5-a6e2-de7401fa0d38,ocd-jurisdiction/country:us/state:il/government,committee,"[{'url': 'https://www.ilga.gov/house/committees/default.asp', 'note': 'homepage'}, {'url': 'https://www.ilga.gov/house/committees/members.asp?CommitteeID=2884&GA=103', 'note': ''}, {'url': 'https://www.ilga.gov/house/committees/members.asp?CommitteeID=3054&GA=104', 'note': ''}]","[{'url': 'https://www.ilga.gov/house/committees/default.asp', 'note': ''}, {'url': 'https://www.ilga.gov/house/committees/members.asp?CommitteeID=2884&GA=103', 'note': 'homepage'}, {'url': 'https://www.ilga.gov/house/committees/members.asp?CommitteeID=3054&GA=104', 'note': ''}]","[{'name': 'House Committee on Consumer Protection', 'end_date': '', 'start_date': ''}, {'name': 'House Consumer Protection', 'end_date': '', 'start_date': ''}, {'name': 'House Consumer Protection Committee', 'end_date': '', 'start_date': ''}]"
2023-02-15 00:38:13.958132+00:00,2025-02-21 16:24:55.341973+00:00,{},ocd-organization/0c369a49-5b86-406d-a930-56144c8b8788,Economic Opportunity and Equity,ocd-organization/76120f9a-2982-4cc5-a6e2-de7401fa0d38,ocd-jurisdiction/country:us/state:il/government,committee,"[{'url': 'https://www.ilga.gov/house/committees/default.asp', 'note': 'homepage'}, {'url': 'https://www.ilga.gov/house/committees/members.asp?CommitteeID=2934&GA=103', 'note': ''}, {'url': 'https://www.ilga.gov/house/committees/members.asp?CommitteeID=3101&GA=104', 'note': ''}]","[{'url': 'https://www.ilga.gov/house/committees/default.asp', 'note': ''}, {'url': 'https://www.ilga.gov/house/committees/members.asp?CommitteeID=2934&GA=103', 'note': 'homepage'}, {'url': 'https://www.ilga.gov/house/committees/members.asp?CommitteeID=3101&GA=104', 'note': ''}]","[{'name': 'House Committee on Economic Opportunity and Equity', 'end_date': '', 'start_date': ''}, {'name': 'House Economic Opportunity and Equity', 'end_date': '', 'start_date': ''}, {'name': 'House Economic Opportunity and Equity Committee', 'end_date': '', 'start_date': ''}]"
2025-02-21 16:24:55.365610+00:00,2025-03-14 23:56:11.349640+00:00,{},ocd-organization/3cf0da72-e9af-4e2b-9645-a4277a99ad13,Education Policy,ocd-organization/76120f9a-2982-4cc5-a6e2-de7401fa0d38,ocd-jurisdiction/country:us/state:il/government,committee,"[{'url': 'https://www.ilga.gov/house/committees/members.asp?CommitteeID=3056&GA=104', 'note': ''}]","[{'url': 'https://www.ilga.gov/house/committees/members.asp?CommitteeID=3056&GA=104', 'note': ''}]","[{'name': 'House Committee on Education Policy', 'end_date': '', 'start_date': ''}, {'name': 'House Education Policy', 'end_date': '', 'start_date': ''}, {'name': 'House Education Policy Committee', 'end_date': '', 'start_date': ''}]"
2023-02-15 00:38:18.420587+00:00,2025-02-21 16:24:55.454250+00:00,{},ocd-organization/0e0996cc-2d0c-4106-804f-1f51878d8f13,Executive,ocd-organization/76120f9a-2982-4cc5-a6e2-de7401fa0d38,ocd-jurisdiction/country:us/state:il/government,committee,"[{'url': 'https://www.ilga.gov/house/committees/default.asp', 'note': 'homepage'}, {'url': 'https://www.ilga.gov/house/committees/members.asp?CommitteeID=2887&GA=103', 'note': ''}, {'url': 'https://www.ilga.gov/house/committees/members.asp?CommitteeID=3057&GA=104', 'note': ''}]","[{'url': 'https://www.ilga.gov/house/committees/default.asp', 'note': 'homepage'}, {'url': 'https://www.ilga.gov/house/committees/members.asp?CommitteeID=2887&GA=103', 'note': ''}, {'url': 'https://www.ilga.gov/house/committees/members.asp?CommitteeID=3057&GA=104', 'note': ''}]","[{'name': 'House Committee on Executive', 'end_date': '', 'start_date': ''}, {'name': 'House Executive', 'end_date': '', 'start_date': ''}, {'name': 'House Executive Committee', 'end_date': '', 'start_date': ''}]"
2023-02-15 00:38:14.232058+00:00,2025-02-21 16:24:55.502059+00:00,{},ocd-organization/48e9d231-a792-4be6-aa29-407a33e25e6a,Personnel and Pensions,ocd-organization/76120f9a-2982-4cc5-a6e2-de7401fa0d38,ocd-jurisdiction/country:us/state:il/government,committee,"[{'url': 'https://www.ilga.gov/house/committees/default.asp', 'note': 'homepage'}, {'url': 'https://www.ilga.gov/house/committees/members.asp?CommitteeID=2894&GA=103', 'note': ''}, {'url': 'https://www.ilga.gov/house/committees/members.asp?CommitteeID=3064&GA=104', 'note': ''}]","[{'url': 'https://www.ilga.gov/house/committees/default.asp', 'note': 'homepage'}, {'url': 'https://www.ilga.gov/house/committees/members.asp?CommitteeID=2894&GA=103', 'note': ''}, {'url': 'https://www.ilga.gov/house/committees/members.asp?CommitteeID=3064&GA=104', 'note': ''}]","[{'name': 'House Committee on Personnel and Pensions', 'end_date': '', 'start_date': ''}, {'name': 'House Personnel and Pensions', 'end_date': '', 'start_date': ''}, {'name': 'House Personnel and Pensions Committee', 'end_date': '', 'start_date': ''}]"
2023-02-15 00:38:22.029541+00:00,2025-02-21 16:24:55.550481+00:00,{},ocd-organization/6f09ff41-b434-4c3e-a2fb-97986805271b,Revenue and Finance,ocd-organization/76120f9a-2982-4cc5-a6e2-de7401fa0d38,ocd-jurisdiction/country:us/state:il/government,committee,"[{'url': 'https://www.ilga.gov/house/committees/default.asp', 'note': 'homepage'}, {'url': 'https://www.ilga.gov/house/committees/members.asp?CommitteeID=2927&GA=103', 'note': ''}, {'url': 'https://www.ilga.gov/house/committees/members.asp?CommitteeID=3095&GA=104', 'note': ''}]","[{'url': 'https://www.ilga.gov/house/committees/default.asp', 'note': ''}, {'url': 'https://www.ilga.gov/house/committees/members.asp?CommitteeID=2927&GA=103', 'note': 'homepage'}, {'url': 'https://www.ilga.gov/house/committees/members.asp?CommitteeID=3095&GA=104', 'note': ''}]","[{'name': 'House Committee on Revenue and Finance', 'end_date': '', 'start_date': ''}, {'name': 'House Revenue and Finance', 'end_date': '', 'start_date': ''}, {'name': 'House Revenue and Finance Committee', 'end_date': '', 'start_date': ''}]"
2023-02-15 00:38:23.709387+00:00,2025-02-21 16:24:55.606071+00:00,{},ocd-organization/d0ebd442-9a5c-4048-9ead-10b4199e6267,Gaming,ocd-organization/76120f9a-2982-4cc5-a6e2-de7401fa0d38,ocd-jurisdiction/country:us/state:il/government,committee,"[{'url': 'https://www.ilga.gov/house/committees/default.asp', 'note': 'homepage'}, {'url': 'https://www.ilga.gov/house/committees/members.asp?CommitteeID=2968&GA=103', 'note': ''}, {'url': 'https://www.ilga.gov/house/committees/members.asp?CommitteeID=3123&GA=104', 'note': ''}]","[{'url': 'https://www.ilga.gov/house/committees/default.asp', 'note': 'homepage'}, {'url': 'https://www.ilga.gov/house/committees/members.asp?CommitteeID=2968&GA=103', 'note': ''}, {'url': 'https://www.ilga.gov/house/committees/members.asp?CommitteeID=3123&GA=104', 'note': ''}]","[{'name': 'House Committee on Gaming', 'end_date': '', 'start_date': ''}, {'name': 'House Gaming', 'end_date': '', 'start_date': ''}, {'name': 'House Gaming Committee', 'end_date': '', 'start_date': ''}]"
2023-02-15 00:38:23.985293+00:00,2025-02-21 16:24:55.650493+00:00,{},ocd-organization/3a1ec429-0b71-475d-a6d0-01d162ee3aa2,Restorative Justice and Public Safety,ocd-organization/76120f9a-2982-4cc5-a6e2-de7401fa0d38,ocd-jurisdiction/country:us/state:il/government,committee,"[{'url': 'https://www.ilga.gov/house/committees/default.asp', 'note': 'homepage'}, {'url': 'https://www.ilga.gov/house/committees/members.asp?CommitteeID=2955&GA=103', 'note': ''}, {'url': 'https://www.ilga.gov/house/committees/members.asp?CommitteeID=3114&GA=104', 'note': ''}]","[{'url': 'https://www.ilga.gov/house/committees/default.asp', 'note': 'homepage'}, {'url': 'https://www.ilga.gov/house/committees/members.asp?CommitteeID=2955&GA=103', 'note': ''}, {'url': 'https://www.ilga.gov/house/committees/members.asp?CommitteeID=3114&GA=104', 'note': ''}]","[{'name': 'House Committee on Restorative Justice', 'end_date': '', 'start_date': ''}, {'name': 'House Committee on Restorative Justice and Public Safety', 'end_date': '', 'start_date': ''}, {'name': 'House Restorative Justice', 'end_date': '', 'start_date': ''}, {'name': 'House Restorative Justice and Public Safety', 'end_date': '', 'start_date': ''}, {'name': 'House Restorative Justice and Public Safety Committee', 'end_date': '', 'start_date': ''}, {'name': 'House Restorative Justice Committee', 'end_date': '', 'start_date': ''}, {'name': 'Restorative Justice', 'end_date': '', 'start_date': ''}]"
2023-02-15 00:38:15.325694+00:00,2025-03-14 23:56:10.304147+00:00,{},ocd-organization/87a0f111-b794-427f-8ab3-ac1851ea082f,Appropriations: Elementary and Secondary Education,ocd-organization/76120f9a-2982-4cc5-a6e2-de7401fa0d38,ocd-jurisdiction/country:us/state:il/government,committee,"[{'url': 'https://www.ilga.gov/house/committees/default.asp', 'note': 'homepage'}, {'url': 'https://www.ilga.gov/house/committees/members.asp?CommitteeID=2879&GA=103', 'note': ''}, {'url': 'https://www.ilga.gov/house/committees/members.asp?CommitteeID=3049&GA=104', 'note': ''}]","[{'url': 'https://www.ilga.gov/house/committees/default.asp', 'note': 'homepage'}, {'url': 'https://www.ilga.gov/house/committees/members.asp?CommitteeID=2879&GA=103', 'note': ''}, {'url': 'https://www.ilga.gov/house/committees/members.asp?CommitteeID=3049&GA=104', 'note': ''}]","[{'name': 'House Appropriations: Elementary and Secondary Education', 'end_date': '', 'start_date': ''}, {'name': 'House Appropriations: Elementary and Secondary Education Committee', 'end_date': '', 'start_date': ''}, {'name': 'House Committee on Appropriations: Elementary and Secondary Education', 'end_date': '', 'start_date': ''}]"
2023-02-15 00:38:21.188485+00:00,2025-02-21 16:24:55.806944+00:00,{},ocd-organization/7472c7bd-a335-44b1-9ee4-9e77124cb05b,Appropriations: Public Safety and Infrastructure,ocd-organization/76120f9a-2982-4cc5-a6e2-de7401fa0d38,ocd-jurisdiction/country:us/state:il/government,committee,"[{'url': 'https://www.ilga.gov/house/committees/default.asp', 'note': 'homepage'}, {'url': 'https://www.ilga.gov/house/committees/members.asp?CommitteeID=2883&GA=103', 'note': ''}, {'url': 'https://www.ilga.gov/house/committees/members.asp?CommitteeID=3053&GA=104', 'note': ''}]","[{'url': 'https://www.ilga.gov/house/committees/default.asp', 'note': 'homepage'}, {'url': 'https://www.ilga.gov/house/committees/members.asp?CommitteeID=2883&GA=103', 'note': ''}, {'url': 'https://www.ilga.gov/house/committees/members.asp?CommitteeID=3053&GA=104', 'note': ''}]","[{'name': 'Appropriations: Public Safety', 'end_date': '', 'start_date': ''}, {'name': 'House Appropriations: Public Safety', 'end_date': '', 'start_date': ''}, {'name': 'House Appropriations: Public Safety and Infrastructure', 'end_date': '', 'start_date': ''}, {'name': 'House Appropriations: Public Safety and Infrastructure Committee', 'end_date': '', 'start_date': ''}, {'name': 'House Appropriations: Public Safety Committee', 'end_date': '', 'start_date': ''}, {'name': 'House Committee on Appropriations: Public Safety', 'end_date': '', 'start_date': ''}, {'name': 'House Committee on Appropriations: Public Safety and Infrastructure', 'end_date': '', 'start_date': ''}]"
2023-02-15 00:38:18.705145+00:00,2025-02-21 16:24:55.850048+00:00,{},ocd-organization/043654c5-a2e0-474d-9847-f2a4601a0ee8,Higher Education,ocd-organization/76120f9a-2982-4cc5-a6e2-de7401fa0d38,ocd-jurisdiction/country:us/state:il/government,committee,"[{'url': 'https://www.ilga.gov/house/committees/default.asp', 'note': 'homepage'}, {'url': 'https://www.ilga.gov/house/committees/members.asp?CommitteeID=2890&GA=103', 'note': ''}, {'url': 'https://www.ilga.gov/house/committees/members.asp?CommitteeID=3060&GA=104', 'note': ''}]","[{'url': 'https://www.ilga.gov/house/committees/default.asp', 'note': ''}, {'url': 'https://www.ilga.gov/house/committees/members.asp?CommitteeID=2890&GA=103', 'note': 'homepage'}, {'url': 'https://www.ilga.gov/house/committees/members.asp?CommitteeID=3060&GA=104', 'note': ''}]","[{'name': 'House Committee on Higher Education', 'end_date': '', 'start_date': ''}, {'name': 'House Higher Education', 'end_date': '', 'start_date': ''}, {'name': 'House Higher Education Committee', 'end_date': '', 'start_date': ''}]"
2024-05-29 00:30:00.627831+00:00,2025-02-21 16:24:55.918595+00:00,{},ocd-organization/75910db5-c4af-4008-8d73-abcea13daa8c,"Small Business, Technology Innovation and Entrepreneurship",ocd-organization/76120f9a-2982-4cc5-a6e2-de7401fa0d38,ocd-jurisdiction/country:us/state:il/government,committee,"[{'url': 'https://www.ilga.gov/house/committees/members.asp?CommitteeID=2958&GA=103', 'note': ''}, {'url': 'https://www.ilga.gov/house/committees/members.asp?CommitteeID=3115&GA=104', 'note': ''}]","[{'url': 'https://www.ilga.gov/house/committees/members.asp?CommitteeID=2958&GA=103', 'note': 'homepage'}, {'url': 'https://www.ilga.gov/house/committees/members.asp?CommitteeID=3115&GA=104', 'note': ''}]","[{'name': 'House Committee on Small Business, Technology Innovation and Entrepreneurship', 'end_date': '', 'start_date': ''}, {'name': 'House Committee on Small Business,Tech Innovation and Entrepreneurship', 'end_date': '', 'start_date': ''}, {'name': 'House Small Business, Technology Innovation and Entrepreneurship', 'end_date': '', 'start_date': ''}, {'name': 'House Small Business, Technology Innovation and Entrepreneurship Committee', 'end_date': '', 'start_date': ''}, {'name': 'House Small Business,Tech Innovation and Entrepreneurship', 'end_date': '', 'start_date': ''}, {'name': 'House Small Business,Tech Innovation and Entrepreneurship Committee', 'end_date': '', 'start_date': ''}, {'name': 'Small Business,Tech Innovation and Entrepreneurship', 'end_date': '', 'start_date': ''}]"
2023-02-15 00:38:17.863526+00:00,2025-03-14 23:56:09.333215+00:00,{},ocd-organization/a7c9ba68-da5d-4498-aa34-9b84f978e64e,Appropriations: Health and Human Services,ocd-organization/76120f9a-2982-4cc5-a6e2-de7401fa0d38,ocd-jurisdiction/country:us/state:il/government,committee,"[{'url': 'https://www.ilga.gov/house/committees/default.asp', 'note': 'homepage'}, {'url': 'https://www.ilga.gov/house/committees/members.asp?CommitteeID=2881&GA=103', 'note': ''}, {'url': 'https://www.ilga.gov/house/committees/members.asp?CommitteeID=3051&GA=104', 'note': ''}]","[{'url': 'https://www.ilga.gov/house/committees/default.asp', 'note': ''}, {'url': 'https://www.ilga.gov/house/committees/members.asp?CommitteeID=2881&GA=103', 'note': 'homepage'}, {'url': 'https://www.ilga.gov/house/committees/members.asp?CommitteeID=3051&GA=104', 'note': ''}]","[{'name': 'House Appropriations: Health and Human Services', 'end_date': '', 'start_date': ''}, {'name': 'House Appropriations: Health and Human Services Committee', 'end_date': '', 'start_date': ''}, {'name': 'House Committee on Appropriations: Health and Human Services', 'end_date': '', 'start_date': ''}]"
2023-02-15 00:38:15.881540+00:00,2025-02-21 16:24:55.998988+00:00,{},ocd-organization/8e6ec33f-48cd-4c39-8965-aacd3ae440db,Housing,ocd-organization/76120f9a-2982-4cc5-a6e2-de7401fa0d38,ocd-jurisdiction/country:us/state:il/government,committee,"[{'url': 'https://www.ilga.gov/house/committees/default.asp', 'note': 'homepage'}, {'url': 'https://www.ilga.gov/house/committees/members.asp?CommitteeID=2952&GA=103', 'note': ''}, {'url': 'https://www.ilga.gov/house/committees/members.asp?CommitteeID=3111&GA=104', 'note': ''}]","[{'url': 'https://www.ilga.gov/house/committees/default.asp', 'note': 'homepage'}, {'url': 'https://www.ilga.gov/house/committees/members.asp?CommitteeID=2952&GA=103', 'note': ''}, {'url': 'https://www.ilga.gov/house/committees/members.asp?CommitteeID=3111&GA=104', 'note': ''}]","[{'name': 'House Committee on Housing', 'end_date': '', 'start_date': ''}, {'name': 'House Housing', 'end_date': '', 'start_date': ''}, {'name': 'House Housing Committee', 'end_date': '', 'start_date': ''}]"
2023-02-15 00:38:15.053277+00:00,2025-02-21 16:24:56.093737+00:00,{},ocd-organization/4d50951e-b8a7-4e0c-ad52-587eaccdf570,Rules,ocd-organization/76120f9a-2982-4cc5-a6e2-de7401fa0d38,ocd-jurisdiction/country:us/state:il/government,committee,"[{'url': 'https://www.ilga.gov/house/committees/default.asp', 'note': 'homepage'}, {'url': 'https://www.ilga.gov/house/committees/members.asp?CommitteeID=2896&GA=103', 'note': ''}, {'url': 'https://www.ilga.gov/house/committees/members.asp?CommitteeID=3066&GA=104', 'note': ''}]","[{'url': 'https://www.ilga.gov/house/committees/default.asp', 'note': 'homepage'}, {'url': 'https://www.ilga.gov/house/committees/members.asp?CommitteeID=2896&GA=103', 'note': ''}, {'url': 'https://www.ilga.gov/house/committees/members.asp?CommitteeID=3066&GA=104', 'note': ''}]","[{'name': 'House Committee on Rules', 'end_date': '', 'start_date': ''}, {'name': 'House Rules', 'end_date': '', 'start_date': ''}, {'name': 'House Rules Committee', 'end_date': '', 'start_date': ''}]"
2024-05-29 00:30:01.399839+00:00,2025-02-21 16:24:56.136184+00:00,{},ocd-organization/4946b66b-746d-47ef-92d0-bd6e093b532f,Child Care Accessibility and Early Childhood,ocd-organization/76120f9a-2982-4cc5-a6e2-de7401fa0d38,ocd-jurisdiction/country:us/state:il/government,committee,"[{'url': 'https://www.ilga.gov/house/committees/members.asp?CommitteeID=2937&GA=103', 'note': ''}, {'url': 'https://www.ilga.gov/house/committees/members.asp?CommitteeID=3104&GA=104', 'note': ''}]","[{'url': 'https://www.ilga.gov/house/committees/members.asp?CommitteeID=2937&GA=103', 'note': 'homepage'}, {'url': 'https://www.ilga.gov/house/committees/members.asp?CommitteeID=3104&GA=104', 'note': ''}]","[{'name': 'Child Care Accessibility and Early Childhood Education', 'end_date': '', 'start_date': ''}, {'name': 'House Child Care Accessibility and Early Childhood', 'end_date': '', 'start_date': ''}, {'name': 'House Child Care Accessibility and Early Childhood Committee', 'end_date': '', 'start_date': ''}, {'name': 'House Child Care Accessibility and Early Childhood Education', 'end_date': '', 'start_date': ''}, {'name': 'House Child Care Accessibility and Early Childhood Education Committee', 'end_date': '', 'start_date': ''}, {'name': 'House Committee on Child Care Accessibility and Early Childhood', 'end_date': '', 'start_date': ''}, {'name': 'House Committee on Child Care Accessibility and Early Childhood Education', 'end_date': '', 'start_date': ''}]"
2023-02-15 00:38:13.394334+00:00,2025-02-21 16:24:56.177632+00:00,{},ocd-organization/d2d1a712-c613-45c7-b037-d86a31dd2166,Cities and Villages,ocd-organization/76120f9a-2982-4cc5-a6e2-de7401fa0d38,ocd-jurisdiction/country:us/state:il/government,committee,"[{'url': 'https://www.ilga.gov/house/committees/default.asp', 'note': 'homepage'}, {'url': 'https://www.ilga.gov/house/committees/members.asp?CommitteeID=2922&GA=103', 'note': ''}, {'url': 'https://www.ilga.gov/house/committees/members.asp?CommitteeID=3090&GA=104', 'note': ''}]","[{'url': 'https://www.ilga.gov/house/committees/default.asp', 'note': 'homepage'}, {'url': 'https://www.ilga.gov/house/committees/members.asp?CommitteeID=2922&GA=103', 'note': ''}, {'url': 'https://www.ilga.gov/house/committees/members.asp?CommitteeID=3090&GA=104', 'note': ''}]","[{'name': 'House Cities and Villages', 'end_date': '', 'start_date': ''}, {'name': 'House Cities and Villages Committee', 'end_date': '', 'start_date': ''}, {'name': 'House Committee on Cities and Villages', 'end_date': '', 'start_date': ''}]"
2023-02-15 00:38:22.307138+00:00,2025-02-21 16:24:56.214354+00:00,{},ocd-organization/8cb126a4-9a2e-4691-8f04-63b978f81766,Agriculture and Conservation,ocd-organization/76120f9a-2982-4cc5-a6e2-de7401fa0d38,ocd-jurisdiction/country:us/state:il/government,committee,"[{'url': 'https://www.ilga.gov/house/committees/default.asp', 'note': 'homepage'}, {'url': 'https://www.ilga.gov/house/committees/members.asp?CommitteeID=2911&GA=103', 'note': ''}, {'url': 'https://www.ilga.gov/house/committees/members.asp?CommitteeID=3081&GA=104', 'note': ''}]","[{'url': 'https://www.ilga.gov/house/committees/default.asp', 'note': 'homepage'}, {'url': 'https://www.ilga.gov/house/committees/members.asp?CommitteeID=2911&GA=103', 'note': ''}, {'url': 'https://www.ilga.gov/house/committees/members.asp?CommitteeID=3081&GA=104', 'note': ''}]","[{'name': 'House Agriculture and Conservation', 'end_date': '', 'start_date': ''}, {'name': 'House Agriculture and Conservation Committee', 'end_date': '', 'start_date': ''}, {'name': 'House Committee on Agriculture and Conservation', 'end_date': '', 'start_date': ''}]"
2023-02-15 00:38:12.537928+00:00,2025-02-21 16:24:56.258674+00:00,{},ocd-organization/7cb6114a-cc47-4839-9a43-d5101ffe4ce5,Human Services,ocd-organization/76120f9a-2982-4cc5-a6e2-de7401fa0d38,ocd-jurisdiction/country:us/state:il/government,committee,"[{'url': 'https://www.ilga.gov/house/committees/default.asp', 'note': 'homepage'}, {'url': 'https://www.ilga.gov/house/committees/members.asp?CommitteeID=2891&GA=103', 'note': ''}, {'url': 'https://www.ilga.gov/house/committees/members.asp?CommitteeID=3061&GA=104', 'note': ''}]","[{'url': 'https://www.ilga.gov/house/committees/default.asp', 'note': 'homepage'}, {'url': 'https://www.ilga.gov/house/committees/members.asp?CommitteeID=2891&GA=103', 'note': ''}, {'url': 'https://www.ilga.gov/house/committees/members.asp?CommitteeID=3061&GA=104', 'note': ''}]","[{'name': 'House Committee on Human Services', 'end_date': '', 'start_date': ''}, {'name': 'House Human Services', 'end_date': '', 'start_date': ''}, {'name': 'House Human Services Committee', 'end_date': '', 'start_date': ''}]"
2023-02-15 00:38:17.021908+00:00,2025-03-14 23:56:12.219174+00:00,{},ocd-organization/af893d1e-6deb-43c5-aa01-70f391d41beb,State Government Administration,ocd-organization/76120f9a-2982-4cc5-a6e2-de7401fa0d38,ocd-jurisdiction/country:us/state:il/government,committee,"[{'url': 'https://www.ilga.gov/house/committees/default.asp', 'note': 'homepage'}, {'url': 'https://www.ilga.gov/house/committees/members.asp?CommitteeID=2897&GA=103', 'note': ''}, {'url': 'https://www.ilga.gov/house/committees/members.asp?CommitteeID=3067&GA=104', 'note': ''}]","[{'url': 'https://www.ilga.gov/house/committees/default.asp', 'note': 'homepage'}, {'url': 'https://www.ilga.gov/house/committees/members.asp?CommitteeID=2897&GA=103', 'note': ''}, {'url': 'https://www.ilga.gov/house/committees/members.asp?CommitteeID=3067&GA=104', 'note': ''}]","[{'name': 'House Committee on State Government Administration', 'end_date': '', 'start_date': ''}, {'name': 'House State Government Administration', 'end_date': '', 'start_date': ''}, {'name': 'House State Government Administration Committee', 'end_date': '', 'start_date': ''}]"
2025-02-21 16:24:56.321828+00:00,2025-03-14 23:56:10.150113+00:00,{},ocd-organization/4d781051-fc50-4bf8-9c7e-7a5e1bf56f1a,Gun Violence Prevention,ocd-organization/76120f9a-2982-4cc5-a6e2-de7401fa0d38,ocd-jurisdiction/country:us/state:il/government,committee,"[{'url': 'https://www.ilga.gov/house/committees/members.asp?CommitteeID=3134&GA=104', 'note': ''}]","[{'url': 'https://www.ilga.gov/house/committees/members.asp?CommitteeID=3134&GA=104', 'note': ''}]","[{'name': 'House Committee on Gun Violence Prevention', 'end_date': '', 'start_date': ''}, {'name': 'House Gun Violence Prevention', 'end_date': '', 'start_date': ''}, {'name': 'House Gun Violence Prevention Committee', 'end_date': '', 'start_date': ''}]"
2024-05-29 00:30:02.989761+00:00,2025-02-21 16:24:56.414436+00:00,{},ocd-organization/a7e34f5d-83ad-4e1c-9519-03763720d005,Appropriations: Higher Education,ocd-organization/76120f9a-2982-4cc5-a6e2-de7401fa0d38,ocd-jurisdiction/country:us/state:il/government,committee,"[{'url': 'https://www.ilga.gov/house/committees/members.asp?CommitteeID=2882&GA=103', 'note': ''}, {'url': 'https://www.ilga.gov/house/committees/members.asp?CommitteeID=3052&GA=104', 'note': ''}]","[{'url': 'https://www.ilga.gov/house/committees/members.asp?CommitteeID=2882&GA=103', 'note': 'homepage'}, {'url': 'https://www.ilga.gov/house/committees/members.asp?CommitteeID=3052&GA=104', 'note': ''}]","[{'name': 'House Appropriations: Higher Education', 'end_date': '', 'start_date': ''}, {'name': 'House Appropriations: Higher Education Committee', 'end_date': '', 'start_date': ''}, {'name': 'House Committee on Appropriations: Higher Education', 'end_date': '', 'start_date': ''}]"
2023-02-15 00:38:20.090966+00:00,2025-02-21 16:24:56.518617+00:00,{},ocd-organization/9ca34614-522d-44e4-aa82-52c0a3caa791,Health Care Licenses,ocd-organization/76120f9a-2982-4cc5-a6e2-de7401fa0d38,ocd-jurisdiction/country:us/state:il/government,committee,"[{'url': 'https://www.ilga.gov/house/committees/default.asp', 'note': 'homepage'}, {'url': 'https://www.ilga.gov/house/committees/members.asp?CommitteeID=2924&GA=103', 'note': ''}, {'url': 'https://www.ilga.gov/house/committees/members.asp?CommitteeID=3092&GA=104', 'note': ''}]","[{'url': 'https://www.ilga.gov/house/committees/default.asp', 'note': 'homepage'}, {'url': 'https://www.ilga.gov/house/committees/members.asp?CommitteeID=2924&GA=103', 'note': ''}, {'url': 'https://www.ilga.gov/house/committees/members.asp?CommitteeID=3092&GA=104', 'note': ''}]","[{'name': 'House Committee on Health Care Licenses', 'end_date': '', 'start_date': ''}, {'name': 'House Health Care Licenses', 'end_date': '', 'start_date': ''}, {'name': 'House Health Care Licenses Committee', 'end_date': '', 'start_date': ''}]"
2023-02-15 00:38:20.363881+00:00,2025-02-21 16:24:56.578084+00:00,{},ocd-organization/0b41bb6d-fd28-40e8-b64a-3145f97f0658,Counties and Townships,ocd-organization/76120f9a-2982-4cc5-a6e2-de7401fa0d38,ocd-jurisdiction/country:us/state:il/government,committee,"[{'url': 'https://www.ilga.gov/house/committees/default.asp', 'note': 'homepage'}, {'url': 'https://www.ilga.gov/house/committees/members.asp?CommitteeID=2923&GA=103', 'note': ''}, {'url': 'https://www.ilga.gov/house/committees/members.asp?CommitteeID=3091&GA=104', 'note': ''}]","[{'url': 'https://www.ilga.gov/house/committees/default.asp', 'note': 'homepage'}, {'url': 'https://www.ilga.gov/house/committees/members.asp?CommitteeID=2923&GA=103', 'note': ''}, {'url': 'https://www.ilga.gov/house/committees/members.asp?CommitteeID=3091&GA=104', 'note': ''}]","[{'name': 'House Committee on Counties and Townships', 'end_date': '', 'start_date': ''}, {'name': 'House Counties and Townships', 'end_date': '', 'start_date': ''}, {'name': 'House Counties and Townships Committee', 'end_date': '', 'start_date': ''}]"
2023-02-15 00:38:21.463032+00:00,2025-05-15 02:40:34.105012+00:00,{},ocd-organization/e7e86632-3f89-41b8-9176-298493d42542,Labor and Commerce,ocd-organization/76120f9a-2982-4cc5-a6e2-de7401fa0d38,ocd-jurisdiction/country:us/state:il/government,committee,"[{'url': 'https://www.ilga.gov/house/committees/default.asp', 'note': 'homepage'}, {'url': 'https://www.ilga.gov/house/committees/members.asp?CommitteeID=2893&GA=103', 'note': ''}, {'url': 'https://www.ilga.gov/house/committees/members.asp?CommitteeID=3063&GA=104', 'note': ''}]","[{'url': 'https://www.ilga.gov/house/committees/default.asp', 'note': 'homepage'}, {'url': 'https://www.ilga.gov/house/committees/members.asp?CommitteeID=2893&GA=103', 'note': ''}, {'url': 'https://www.ilga.gov/house/committees/members.asp?CommitteeID=3063&GA=104', 'note': ''}]","[{'name': 'House Committee on Labor and Commerce', 'end_date': '', 'start_date': ''}, {'name': 'House Labor and Commerce', 'end_date': '', 'start_date': ''}, {'name': 'House Labor and Commerce Committee', 'end_date': '', 'start_date': ''}]"
2023-02-15 00:38:23.152193+00:00,2025-03-14 23:56:09.686884+00:00,{},ocd-organization/52972fce-2883-4378-8d4d-fc213ed05072,Energy and Environment,ocd-organization/76120f9a-2982-4cc5-a6e2-de7401fa0d38,ocd-jurisdiction/country:us/state:il/government,committee,"[{'url': 'https://www.ilga.gov/house/committees/default.asp', 'note': 'homepage'}, {'url': 'https://www.ilga.gov/house/committees/members.asp?CommitteeID=2928&GA=103', 'note': ''}, {'url': 'https://www.ilga.gov/house/committees/members.asp?CommitteeID=3096&GA=104', 'note': ''}]","[{'url': 'https://www.ilga.gov/house/committees/default.asp', 'note': 'homepage'}, {'url': 'https://www.ilga.gov/house/committees/members.asp?CommitteeID=2928&GA=103', 'note': ''}, {'url': 'https://www.ilga.gov/house/committees/members.asp?CommitteeID=3096&GA=104', 'note': ''}]","[{'name': 'House Committee on Energy and Environment', 'end_date': '', 'start_date': ''}, {'name': 'House Energy and Environment', 'end_date': '', 'start_date': ''}, {'name': 'House Energy and Environment Committee', 'end_date': '', 'start_date': ''}]"
2023-02-15 00:38:16.438524+00:00,2025-02-21 16:24:56.811085+00:00,{},ocd-organization/0aaaed81-3106-4a60-b859-3ce7be6c9df4,Ethics and Elections,ocd-organization/76120f9a-2982-4cc5-a6e2-de7401fa0d38,ocd-jurisdiction/country:us/state:il/government,committee,"[{'url': 'https://www.ilga.gov/house/committees/default.asp', 'note': 'homepage'}, {'url': 'https://www.ilga.gov/house/committees/members.asp?CommitteeID=2951&GA=103', 'note': ''}, {'url': 'https://www.ilga.gov/house/committees/members.asp?CommitteeID=3110&GA=104', 'note': ''}]","[{'url': 'https://www.ilga.gov/house/committees/default.asp', 'note': 'homepage'}, {'url': 'https://www.ilga.gov/house/committees/members.asp?CommitteeID=2951&GA=103', 'note': ''}, {'url': 'https://www.ilga.gov/house/committees/members.asp?CommitteeID=3110&GA=104', 'note': ''}]","[{'name': 'House Committee on Ethics and Elections', 'end_date': '', 'start_date': ''}, {'name': 'House Ethics and Elections', 'end_date': '', 'start_date': ''}, {'name': 'House Ethics and Elections Committee', 'end_date': '', 'start_date': ''}]"
2024-05-29 00:29:57.283578+00:00,2025-02-21 16:24:56.870220+00:00,{},ocd-organization/be235a1c-52ba-4aa3-a3f4-8f300562604d,Prescription Drug Affordability and Accessibility,ocd-organization/76120f9a-2982-4cc5-a6e2-de7401fa0d38,ocd-jurisdiction/country:us/state:il/government,committee,"[{'url': 'https://www.ilga.gov/house/committees/members.asp?CommitteeID=2939&GA=103', 'note': ''}, {'url': 'https://www.ilga.gov/house/committees/members.asp?CommitteeID=3106&GA=104', 'note': ''}]","[{'url': 'https://www.ilga.gov/house/committees/members.asp?CommitteeID=2939&GA=103', 'note': 'homepage'}, {'url': 'https://www.ilga.gov/house/committees/members.asp?CommitteeID=3106&GA=104', 'note': ''}]","[{'name': 'House Committee on Prescription Drug Affordability and Accessibility', 'end_date': '', 'start_date': ''}, {'name': 'House Prescription Drug Affordability and Accessibility', 'end_date': '', 'start_date': ''}, {'name': 'House Prescription Drug Affordability and Accessibility Committee', 'end_date': '', 'start_date': ''}]"
2023-02-15 00:38:19.816649+00:00,2025-02-21 16:24:56.922291+00:00,{},ocd-organization/fd129608-a5c3-4434-9430-33c57082b0f9,Police and Fire,ocd-organization/76120f9a-2982-4cc5-a6e2-de7401fa0d38,ocd-jurisdiction/country:us/state:il/government,committee,"[{'url': 'https://www.ilga.gov/house/committees/default.asp', 'note': 'homepage'}, {'url': 'https://www.ilga.gov/house/committees/members.asp?CommitteeID=2954&GA=103', 'note': ''}, {'url': 'https://www.ilga.gov/house/committees/members.asp?CommitteeID=3113&GA=104', 'note': ''}]","[{'url': 'https://www.ilga.gov/house/committees/default.asp', 'note': 'homepage'}, {'url': 'https://www.ilga.gov/house/committees/members.asp?CommitteeID=2954&GA=103', 'note': ''}, {'url': 'https://www.ilga.gov/house/committees/members.asp?CommitteeID=3113&GA=104', 'note': ''}]","[{'name': 'House Committee on Police and Fire', 'end_date': '', 'start_date': ''}, {'name': 'House Police and Fire', 'end_date': '', 'start_date': ''}, {'name': 'House Police and Fire Committee', 'end_date': '', 'start_date': ''}]"
2023-02-15 00:38:16.726342+00:00,2025-02-21 16:24:56.970033+00:00,{},ocd-organization/e9fb127f-b865-49b0-9a3a-5c0408e193e8,Adoption and Child Welfare,ocd-organization/76120f9a-2982-4cc5-a6e2-de7401fa0d38,ocd-jurisdiction/country:us/state:il/government,committee,"[{'url': 'https://www.ilga.gov/house/committees/default.asp', 'note': 'homepage'}, {'url': 'https://www.ilga.gov/house/committees/members.asp?CommitteeID=2936&GA=103', 'note': ''}, {'url': 'https://www.ilga.gov/house/committees/members.asp?CommitteeID=3103&GA=104', 'note': ''}]","[{'url': 'https://www.ilga.gov/house/committees/default.asp', 'note': 'homepage'}, {'url': 'https://www.ilga.gov/house/committees/members.asp?CommitteeID=2936&GA=103', 'note': ''}, {'url': 'https://www.ilga.gov/house/committees/members.asp?CommitteeID=3103&GA=104', 'note': ''}]","[{'name': 'House Adoption and Child Welfare', 'end_date': '', 'start_date': ''}, {'name': 'House Adoption and Child Welfare Committee', 'end_date': '', 'start_date': ''}, {'name': 'House Committee on Adoption and Child Welfare', 'end_date': '', 'start_date': ''}]"
2024-05-29 00:30:04.203694+00:00,2025-02-21 16:24:57.014909+00:00,{},ocd-organization/e461419c-6224-4478-9f13-b068eedf54a5,Appropriations: General Services,ocd-organization/76120f9a-2982-4cc5-a6e2-de7401fa0d38,ocd-jurisdiction/country:us/state:il/government,committee,"[{'url': 'https://www.ilga.gov/house/committees/members.asp?CommitteeID=2880&GA=103', 'note': ''}, {'url': 'https://www.ilga.gov/house/committees/members.asp?CommitteeID=3050&GA=104', 'note': ''}]","[{'url': 'https://www.ilga.gov/house/committees/members.asp?CommitteeID=2880&GA=103', 'note': 'homepage'}, {'url': 'https://www.ilga.gov/house/committees/members.asp?CommitteeID=3050&GA=104', 'note': ''}]","[{'name': 'Appropriations-General Services', 'end_date': '', 'start_date': ''}, {'name': 'House Appropriations-General Services', 'end_date': '', 'start_date': ''}, {'name': 'House Appropriations-General Services Committee', 'end_date': '', 'start_date': ''}, {'name': 'House Appropriations: General Services', 'end_date': '', 'start_date': ''}, {'name': 'House Appropriations: General Services Committee', 'end_date': '', 'start_date': ''}, {'name': 'House Committee on Appropriations-General Services', 'end_date': '', 'start_date': ''}, {'name': 'House Committee on Appropriations: General Services', 'end_date': '', 'start_date': ''}]"
2023-02-15 00:38:16.157193+00:00,2025-02-21 16:24:57.054479+00:00,{},ocd-organization/420690f5-15b8-4bcb-887a-bdc3c4e52ae4,Public Health,ocd-organization/76120f9a-2982-4cc5-a6e2-de7401fa0d38,ocd-jurisdiction/country:us/state:il/government,committee,"[{'url': 'https://www.ilga.gov/house/committees/default.asp', 'note': 'homepage'}, {'url': 'https://www.ilga.gov/house/committees/members.asp?CommitteeID=2969&GA=103', 'note': ''}, {'url': 'https://www.ilga.gov/house/committees/members.asp?CommitteeID=3124&GA=104', 'note': ''}]","[{'url': 'https://www.ilga.gov/house/committees/default.asp', 'note': 'homepage'}, {'url': 'https://www.ilga.gov/house/committees/members.asp?CommitteeID=2969&GA=103', 'note': ''}, {'url': 'https://www.ilga.gov/house/committees/members.asp?CommitteeID=3124&GA=104', 'note': ''}]","[{'name': 'House Committee on Public Health', 'end_date': '', 'start_date': ''}, {'name': 'House Public Health', 'end_date': '', 'start_date': ''}, {'name': 'House Public Health Committee', 'end_date': '', 'start_date': ''}]"
2024-05-29 00:30:03.379823+00:00,2025-02-21 16:24:57.102183+00:00,{},ocd-organization/a78b1293-0ed8-4b5e-b4b6-a65f790d85b0,Health Care Availability and Accessibility,ocd-organization/76120f9a-2982-4cc5-a6e2-de7401fa0d38,ocd-jurisdiction/country:us/state:il/government,committee,"[{'url': 'https://www.ilga.gov/house/committees/members.asp?CommitteeID=2889&GA=103', 'note': ''}, {'url': 'https://www.ilga.gov/house/committees/members.asp?CommitteeID=3059&GA=104', 'note': ''}]","[{'url': 'https://www.ilga.gov/house/committees/members.asp?CommitteeID=2889&GA=103', 'note': 'homepage'}, {'url': 'https://www.ilga.gov/house/committees/members.asp?CommitteeID=3059&GA=104', 'note': ''}]","[{'name': 'House Committee on Health Care Availability and Accessibility', 'end_date': '', 'start_date': ''}, {'name': 'House Health Care Availability and Accessibility', 'end_date': '', 'start_date': ''}, {'name': 'House Health Care Availability and Accessibility Committee', 'end_date': '', 'start_date': ''}]"
2023-02-15 00:38:21.742712+00:00,2025-02-21 16:24:57.146654+00:00,{},ocd-organization/a768fccb-7f6a-4f7f-812c-3fd066fc3889,Transportation: Vehicles and Safety,ocd-organization/76120f9a-2982-4cc5-a6e2-de7401fa0d38,ocd-jurisdiction/country:us/state:il/government,committee,"[{'url': 'https://www.ilga.gov/house/committees/default.asp', 'note': 'homepage'}, {'url': 'https://www.ilga.gov/house/committees/members.asp?CommitteeID=2926&GA=103', 'note': ''}, {'url': 'https://www.ilga.gov/house/committees/members.asp?CommitteeID=3094&GA=104', 'note': ''}]","[{'url': 'https://www.ilga.gov/house/committees/default.asp', 'note': 'homepage'}, {'url': 'https://www.ilga.gov/house/committees/members.asp?CommitteeID=2926&GA=103', 'note': ''}, {'url': 'https://www.ilga.gov/house/committees/members.asp?CommitteeID=3094&GA=104', 'note': ''}]","[{'name': 'House Committee on Transportation: Vehicles and Safety', 'end_date': '', 'start_date': ''}, {'name': 'House Transportation: Vehicles and Safety', 'end_date': '', 'start_date': ''}, {'name': 'House Transportation: Vehicles and Safety Committee', 'end_date': '', 'start_date': ''}]"
2025-02-21 16:24:57.176587+00:00,2025-07-16 20:48:41.210320+00:00,{},ocd-organization/0aba04a4-b7b9-475a-a277-3a855585e69d,Tourism Special,ocd-organization/20782ae5-cc22-4470-846b-fd9788ad3db7,ocd-jurisdiction/country:us/state:il/government,committee,"[{'url': 'https://www.ilga.gov/senate/committees/members.asp?CommitteeID=3132', 'note': ''}]","[{'url': 'https://www.ilga.gov/senate/committees/members.asp?CommitteeID=3132', 'note': ''}]","[{'name': 'Senate Committee on Tourism Special', 'end_date': '', 'start_date': ''}, {'name': 'Senate Tourism Special', 'end_date': '', 'start_date': ''}, {'name': 'Senate Tourism Special Committee', 'end_date': '', 'start_date': ''}]"
2023-02-15 00:38:08.566491+00:00,2025-07-16 20:48:40.132833+00:00,{},ocd-organization/99de4992-475f-4b22-ab0b-522f307fd679,Education,ocd-organization/20782ae5-cc22-4470-846b-fd9788ad3db7,ocd-jurisdiction/country:us/state:il/government,committee,"[{'url': 'https://www.ilga.gov/senate/committees/default.asp', 'note': 'homepage'}, {'url': 'https://www.ilga.gov/senate/committees/members.asp?CommitteeID=2900', 'note': ''}, {'url': 'https://www.ilga.gov/senate/committees/members.asp?CommitteeID=3070', 'note': ''}]","[{'url': 'https://www.ilga.gov/senate/committees/default.asp', 'note': ''}, {'url': 'https://www.ilga.gov/senate/committees/members.asp?CommitteeID=2900', 'note': 'homepage'}, {'url': 'https://www.ilga.gov/senate/committees/members.asp?CommitteeID=3070', 'note': ''}]","[{'name': 'Senate Committee on Education', 'end_date': '', 'start_date': ''}, {'name': 'Senate Education', 'end_date': '', 'start_date': ''}, {'name': 'Senate Education Committee', 'end_date': '', 'start_date': ''}]"
2023-02-15 00:38:09.974379+00:00,2025-02-21 16:24:57.306168+00:00,{},ocd-organization/0e5c4f7f-0f3b-43bf-8b52-a672545a30ca,Human Rights,ocd-organization/20782ae5-cc22-4470-846b-fd9788ad3db7,ocd-jurisdiction/country:us/state:il/government,committee,"[{'url': 'https://www.ilga.gov/senate/committees/default.asp', 'note': 'homepage'}, {'url': 'https://www.ilga.gov/senate/committees/members.asp?CommitteeID=2946', 'note': ''}, {'url': 'https://www.ilga.gov/senate/committees/members.asp?CommitteeID=3109', 'note': ''}]","[{'url': 'https://www.ilga.gov/senate/committees/default.asp', 'note': ''}, {'url': 'https://www.ilga.gov/senate/committees/members.asp?CommitteeID=2946', 'note': 'homepage'}, {'url': 'https://www.ilga.gov/senate/committees/members.asp?CommitteeID=3109', 'note': ''}]","[{'name': 'Senate Committee on Human Rights', 'end_date': '', 'start_date': ''}, {'name': 'Senate Human Rights', 'end_date': '', 'start_date': ''}, {'name': 'Senate Human Rights Committee', 'end_date': '', 'start_date': ''}]"
2023-02-15 00:38:05.258728+00:00,2025-02-21 16:24:57.344283+00:00,{},ocd-organization/21cb8c0b-cf4b-4fab-8637-21627a25811b,Local Government,ocd-organization/20782ae5-cc22-4470-846b-fd9788ad3db7,ocd-jurisdiction/country:us/state:il/government,committee,"[{'url': 'https://www.ilga.gov/senate/committees/default.asp', 'note': 'homepage'}, {'url': 'https://www.ilga.gov/senate/committees/members.asp?CommitteeID=2906', 'note': ''}, {'url': 'https://www.ilga.gov/senate/committees/members.asp?CommitteeID=3076', 'note': ''}]","[{'url': 'https://www.ilga.gov/senate/committees/default.asp', 'note': ''}, {'url': 'https://www.ilga.gov/senate/committees/members.asp?CommitteeID=2906', 'note': 'homepage'}, {'url': 'https://www.ilga.gov/senate/committees/members.asp?CommitteeID=3076', 'note': ''}]","[{'name': 'Senate Committee on Local Government', 'end_date': '', 'start_date': ''}, {'name': 'Senate Local Government', 'end_date': '', 'start_date': ''}, {'name': 'Senate Local Government Committee', 'end_date': '', 'start_date': ''}]"
2023-02-15 00:38:09.148958+00:00,2025-02-21 16:24:57.382337+00:00,{},ocd-organization/e0ae0b47-b092-455d-ab81-e4946e1a37b1,Executive,ocd-organization/20782ae5-cc22-4470-846b-fd9788ad3db7,ocd-jurisdiction/country:us/state:il/government,committee,"[{'url': 'https://www.ilga.gov/senate/committees/default.asp', 'note': 'homepage'}, {'url': 'https://www.ilga.gov/senate/committees/members.asp?CommitteeID=2902', 'note': ''}, {'url': 'https://www.ilga.gov/senate/committees/members.asp?CommitteeID=3072', 'note': ''}]","[{'url': 'https://www.ilga.gov/senate/committees/default.asp', 'note': ''}, {'url': 'https://www.ilga.gov/senate/committees/members.asp?CommitteeID=2902', 'note': 'homepage'}, {'url': 'https://www.ilga.gov/senate/committees/members.asp?CommitteeID=3072', 'note': ''}]","[{'name': 'Senate Committee on Executive', 'end_date': '', 'start_date': ''}, {'name': 'Senate Executive', 'end_date': '', 'start_date': ''}, {'name': 'Senate Executive Committee', 'end_date': '', 'start_date': ''}]"
2023-02-15 00:38:06.085002+00:00,2025-04-30 02:54:51.236938+00:00,{},ocd-organization/eea8ca39-495a-451e-bc3c-d474d257116f,Environment and Conservation,ocd-organization/20782ae5-cc22-4470-846b-fd9788ad3db7,ocd-jurisdiction/country:us/state:il/government,committee,"[{'url': 'https://www.ilga.gov/senate/committees/default.asp', 'note': 'homepage'}, {'url': 'https://www.ilga.gov/senate/committees/members.asp?CommitteeID=2920', 'note': ''}, {'url': 'https://www.ilga.gov/senate/committees/members.asp?CommitteeID=3088', 'note': ''}]","[{'url': 'https://www.ilga.gov/senate/committees/default.asp', 'note': ''}, {'url': 'https://www.ilga.gov/senate/committees/members.asp?CommitteeID=2920', 'note': 'homepage'}, {'url': 'https://www.ilga.gov/senate/committees/members.asp?CommitteeID=3088', 'note': ''}]","[{'name': 'Senate Committee on Environment and Conservation', 'end_date': '', 'start_date': ''}, {'name': 'Senate Environment and Conservation', 'end_date': '', 'start_date': ''}, {'name': 'Senate Environment and Conservation Committee', 'end_date': '', 'start_date': ''}]"
